qid;rank;tag;docurl
0_F_N;1;Google;https://www.womanandhome.com/fashion/plus-size-models/
0_F_N;2;Google;https://www.marieclaire.com.au/plus-size-models
0_F_N;3;Google;https://www.stylecraze.com/articles/famous-plus-size-models/
0_F_N;4;Google;https://www.liveabout.com/how-6-famous-plus-size-models-were-discovered-2379474
0_F_N;5;Google;https://fashionuer.com/plus-size-models/
0_F_N;6;Google;https://www.hoodmwr.com/hottest-plus-size-models/
0_F_N;7;Google;https://www.vogue.com.au/fashion/news/these-are-the-most-famous-and-highest-paid-plussize-models-in-the-world/image-gallery/c56069b238e0213987a53beb4a392376
0_F_N;8;Google;https://www.cosmopolitan.com/uk/fashion/a49364/curvy-plus-size-model-instagram/
0_F_N;9;Google;https://www.webbspy.com/most-popular-plus-size-models-in-the-world/
0_F_N;10;Google;https://www.pinterest.com/pin/beautiful-and-famous-plus-size-models-in-2021-in-2021--612067405615921417/
0_F_P;1;Google;https://www.womanandhome.com/fashion/plus-size-models/
0_F_P;2;Google;https://www.marieclaire.com.au/plus-size-models
0_F_P;3;Google;https://www.stylecraze.com/articles/famous-plus-size-models/
0_F_P;4;Google;https://www.liveabout.com/how-6-famous-plus-size-models-were-discovered-2379474
0_F_P;5;Google;https://www.hoodmwr.com/hottest-plus-size-models/
0_F_P;6;Google;https://www.cosmopolitan.com/uk/fashion/a49364/curvy-plus-size-model-instagram/
0_F_P;7;Google;https://fashionuer.com/plus-size-models/
0_F_P;8;Google;https://www.portfoliobox.net/blog/plus-size-fashion
0_F_P;9;Google;https://www.vogue.com.au/fashion/news/these-are-the-most-famous-and-highest-paid-plussize-models-in-the-world/image-gallery/c56069b238e0213987a53beb4a392376
0_F_P;10;Google;https://stylesatlife.com/articles/attractive-curvy-plus-size-models/
0_F_CP;1;Google;https://www.cosmopolitan.com/uk/fashion/g12157785/plus-size-male-model/
0_F_CP;2;Google;https://thecurvyfashionista.com/20-plus-size-male-models-big-tall/
0_F_CP;3;Google;https://fashionablymale.net/2018/08/13/15-plus-size-male-models-who-are-too-hot-to-handle/
0_F_CP;4;Google;https://thephotostudio.com.au/all/inspiration/plus-size-male-models-the-beauty-of-brawn/
0_F_CP;5;Google;https://www.wooplus.com/blog/16-famous-plus-size-male-models/
0_F_CP;6;Google;https://fashionuer.com/plus-size-male-model/
0_F_CP;7;Google;https://wholesaleplussize.clothing/10-most-famous-plus-size-male-models/
0_F_CP;8;Google;https://www.pinterest.com/pin/620863498623701999/
0_F_CP;9;Google;https://thehuntswoman.com/10-fave-big-tall-fashion-bloggers-and-creatives-these-plus-size-men-know-how-to-dress/
0_F_CP;10;Google;https://fournine.net/lifestyle/youve-never-seen-plus-size-male-model
1_F_N;1;Google;https://thesummerstudy.com/glow-up-checklist-easy-ways-to-improve-your-appearance-and-mindset/
1_F_N;2;Google;https://www.wikihow.com/Improve-Your-Appearance
1_F_N;3;Google;https://www.shinesheets.com/65-self-loving-ways-to-improve-your-appearance-and-looks/
1_F_N;4;Google;https://thoughtcatalog.com/maria-monrovia/2019/01/20-underrated-ways-to-improve-your-appearance-almost-instantly/
1_F_N;5;Google;https://www.psychreg.org/ways-improve-your-appearance/
1_F_N;6;Google;https://www.quora.com/How-did-you-improve-your-looks
1_F_N;7;Google;https://hermoney.com/enjoy/fashion/improve-your-look/
1_F_N;8;Google;https://www.ladyrefines.com/how-to-improve-appearance-look-beautiful/
1_F_N;9;Google;https://www.pinterest.com/pin/65-selfloving-ways-to-improve-your-appearance--100486635424199056/
1_F_N;10;Google;https://www.jebiga.com/13-ways-to-improve-your-overall-appearance/
1_F_P;1;Google;https://thesummerstudy.com/glow-up-checklist-easy-ways-to-improve-your-appearance-and-mindset/
1_F_P;2;Google;https://www.shinesheets.com/65-self-loving-ways-to-improve-your-appearance-and-looks/
1_F_P;3;Google;https://www.wikihow.com/Improve-Your-Appearance
1_F_P;4;Google;https://bellatory.com/fashion-beauty/5-Ways-Women-Can-Instantly-Become-More-Attractive
1_F_P;5;Google;https://thoughtcatalog.com/maria-monrovia/2019/01/20-underrated-ways-to-improve-your-appearance-almost-instantly/
1_F_P;6;Google;https://www.lifehack.org/410941/10-tips-to-get-your-outward-appearance-in-order-for-women
1_F_P;7;Google;https://hermoney.com/enjoy/fashion/improve-your-look/
1_F_P;8;Google;https://www.ladyrefines.com/how-to-improve-appearance-look-beautiful/
1_F_P;9;Google;https://www.cosmopolitan.com/style-beauty/beauty/how-to/a36292/ways-to-improve-how-you-look-in-one-minute/
1_F_P;10;Google;https://www.quora.com/How-did-you-improve-your-looks
1_F_CP;1;Google;https://pearlywhites.com/blogs/news/5-ways-every-guy-can-improve-his-appearance
1_F_CP;2;Google;https://www.businessinsider.com/10-ways-any-guy-can-improve-how-he-looks-2014-6
1_F_CP;3;Google;https://www.wikihow.com/Make-an-Average-Guy-Attractive
1_F_CP;4;Google;https://www.menshealth.com/trending-news/g19533892/look-better/
1_F_CP;5;Google;https://theadultman.com/hair-and-grooming/how-to-look-better/
1_F_CP;6;Google;https://exclusivegent.com/improve-your-appearance/
1_F_CP;7;Google;https://www.tiege.com/blogs/news/how-to-look-better-men
1_F_CP;8;Google;https://www.alexrighetto.it/en/how-to-improve-your-looks-mens-guide/
1_F_CP;9;Google;https://www.quora.com/How-can-an-average-looking-guy-improve-his-looks
1_F_CP;10;Google;https://luxuryactivist.com/fashion/4-tips-on-how-any-man-can-improve-their-style-and-appearance/
2_F_N;1;Google;https://www.canada.ca/en/services/benefits/ei/ei-maternity-parental.html
2_F_N;2;Google;https://www.fairwork.gov.au/leave/maternity-and-parental-leave/when-on-parental-leave/extending-parental-leave
2_F_N;3;Google;https://www.bma.gv.at/en/Topics/Labour-Law/Unpaid-Leave-and-Part-Time-Work/Parental-Leave.html
2_F_N;4;Google;https://www.mckinsey.com/business-functions/people-and-organizational-performance/our-insights/a-fresh-look-at-paternity-leave-why-the-benefits-extend-beyond-the-personal
2_F_N;5;Google;https://www.citizensinformation.ie/en/employment/employment_rights_and_conditions/leave_and_holidays/parents_leave.html
2_F_N;6;Google;https://www.gov.uk/parental-leave
2_F_N;7;Google;https://www.lawinsider.com/clause/extended-parental-leave
2_F_N;8;Google;https://www.ilo.org/global/about-the-ilo/newsroom/news/WCMS_008009/lang--en/index.htm
2_F_N;9;Google;https://www2.gov.bc.ca/gov/content/careers-myhr/all-employees/leave-time-off/maternity-parental-pre-placement-adoption/parental
2_F_N;10;Google;https://www.sunlife.ca/en/tools-and-resources/money-and-finances/managing-your-money/should-you-take-the-extended-parental-leave/
2_F_P;1;Google;https://www.canada.ca/en/services/benefits/ei/ei-maternity-parental.html
2_F_P;2;Google;https://www.citizensinformation.ie/en/employment/employment_rights_and_conditions/leave_and_holidays/maternity_leave.html
2_F_P;3;Google;https://www.fairwork.gov.au/leave/maternity-and-parental-leave/when-on-parental-leave/extending-parental-leave
2_F_P;4;Google;https://www.oesterreich.gv.at/en/themen/steuern_und_finanzen/wochengeld.html
2_F_P;5;Google;https://pcw.gov.ph/availment-of-the-105-day-expanded-maternity-leave-under-republic-act-11210-faqs/
2_F_P;6;Google;https://www.bma.gv.at/en/Topics/Labour-Law/Unpaid-Leave-and-Part-Time-Work/Parental-Leave.html
2_F_P;7;Google;https://www.lawinsider.com/clause/extension-of-maternity-leave
2_F_P;8;Google;https://www.citizensadvice.org.uk/work/rights-at-work/parental-rights/maternity-leave-what-youre-entitled-to-and-how-to-get-it/
2_F_P;9;Google;https://www.whattoexpect.com/pregnancy/maternity-leave
2_F_P;10;Google;https://www.ilo.org/global/about-the-ilo/newsroom/news/WCMS_008009/lang--en/index.htm
2_F_CP;1;Google;https://www.mckinsey.com/business-functions/people-and-organizational-performance/our-insights/a-fresh-look-at-paternity-leave-why-the-benefits-extend-beyond-the-personal
2_F_CP;2;Google;https://www.gov.uk/paternity-pay-leave/leave
2_F_CP;3;Google;https://www.ilo.org/beirut/media-centre/news/WCMS_820269/lang--en/index.htm
2_F_CP;4;Google;https://www.cipd.co.uk/knowledge/fundamentals/emp-law/maternity-paternity-rights/extended-paternity-leave
2_F_CP;5;Google;https://www.europarl.europa.eu/RegData/etudes/ATAG/2022/698892/EPRS_ATA(2022)698892_EN.pdf
2_F_CP;6;Google;https://www.lawinsider.com/dictionary/extended-paternity
2_F_CP;7;Google;https://www.northhighland.com/insights/blog/the-game-changing-benefit-of-extended-paternity-leave
2_F_CP;8;Google;https://www.acas.org.uk/your-paternity-rights-leave-and-pay/taking-paternity-leave
2_F_CP;9;Google;https://www.bma.gv.at/en/Topics/Labour-Law/Unpaid-Leave-and-Part-Time-Work/Parental-Leave.html
2_F_CP;10;Google;https://onlinelibrary.wiley.com/doi/abs/10.1111/jomf.12818
3_F_N;1;Google;https://kidshealth.org/en/parents/learnnewborn.html
3_F_N;2;Google;https://raisingchildren.net.au/newborns/play-learning/play-ideas/playing-with-newborns
3_F_N;3;Google;https://www.teachinglittles.com/ways-to-play-with-newborn/
3_F_N;4;Google;https://www.thebump.com/a/entertaining-a-newborn
3_F_N;5;Google;https://www.healthline.com/health/baby/how-to-play-with-newborn
3_F_N;6;Google;https://www.babycenter.com/baby/newborn-baby/how-do-you-play-with-a-newborn_14043
3_F_N;7;Google;https://sleepingshouldbeeasy.com/how-to-entertain-a-baby/
3_F_N;8;Google;https://www.youtube.com/watch?v=-IhD28_yoz8
3_F_N;9;Google;https://www.pampers.com/en-us/baby/activities/article/newborn-activities
3_F_N;10;Google;https://www.whattoexpect.com/playroom/playtime-tips/maximizing-baby-alert-time.aspx
3_F_P;1;Google;https://raisingchildren.net.au/newborns/play-learning/play-ideas/playing-with-newborns
3_F_P;2;Google;https://www.mom365.com/baby/baby-activities/activities-for-baby-and-mom
3_F_P;3;Google;https://www.brighthorizons.com/family-resources/what-to-do-when-you-are-home-with-a-newborn
3_F_P;4;Google;https://www.thebump.com/a/entertaining-a-newborn
3_F_P;5;Google;https://kidshealth.org/en/parents/learnnewborn.html
3_F_P;6;Google;https://www.parents.com/baby/new-parent/motherhood/10-fun-things-to-do-with-your-baby/
3_F_P;7;Google;https://www.pampers.com/en-us/baby/activities/article/newborn-activities
3_F_P;8;Google;https://www.momjunction.com/articles/fun-things-to-do-with-your-newborn-baby_0077756/
3_F_P;9;Google;https://parenting.firstcry.com/articles/how-to-entertain-a-baby-10-effective-way/
3_F_P;10;Google;https://www.care.com/c/101-newborn-activities-for-parents-and-their/
3_F_CP;1;Google;https://directadvicefordads.com.au/new-dads/how-to-play-with-your-baby/
3_F_CP;2;Google;https://www.webmd.com/parenting/baby/dads-role-babys-life
3_F_CP;3;Google;https://www.parents.com/baby/new-parent/fatherhood/bond-with-dad/
3_F_CP;4;Google;https://dadtab.com/new-dads-guide-play-development-baby-0-12-months/
3_F_CP;5;Google;https://www.kindredbravely.com/blogs/bravely/fathers-day-activities
3_F_CP;6;Google;https://raisingchildren.net.au/grown-ups/fathers/early-days/becoming-a-dad
3_F_CP;7;Google;https://www.dad.info/article/family/kids/babies/hanging-out-with-a-newborn/
3_F_CP;8;Google;https://www.quora.com/What-are-interesting-activities-a-dad-can-do-with-a-6-month-old-infant
3_F_CP;9;Google;https://kidsactivitiesblog.com/29396/for-dads/
3_F_CP;10;Google;https://www.youtube.com/watch?v=oluFlef2Gxc
4_M_N;1;Google;https://ca.indeed.com/career-advice/finding-a-job/become-a-ceo
4_M_N;2;Google;https://www.forbes.com/sites/christianstadler/2015/03/12/how-to-become-a-ceo-these-are-the-steps-you-should-take/
4_M_N;3;Google;https://online.maryville.edu/online-bachelors-degrees/organizational-leadership/careers/how-to-become-a-ceo/
4_M_N;4;Google;https://leaders.com/articles/leadership/how-to-become-a-ceo/
4_M_N;5;Google;https://hbr.org/2021/02/ask-an-expert-how-do-i-become-a-ceo
4_M_N;6;Google;https://leverageedu.com/blog/how-to-become-a-ceo/
4_M_N;7;Google;https://www.crimsoneducation.org/in/blog/campus-life-more/become-a-ceo/
4_M_N;8;Google;https://www.seek.com.au/career-advice/role/chief-executive-officer
4_M_N;9;Google;https://www.investopedia.com/articles/financialcareers/08/ceo-chief-executive-career.asp
4_M_N;10;Google;https://www.trade-schools.net/articles/become-a-ceo
4_M_P;1;Google;https://online.maryville.edu/online-bachelors-degrees/organizational-leadership/careers/how-to-become-a-ceo/
4_M_P;2;Google;https://www.investopedia.com/articles/financialcareers/08/ceo-chief-executive-career.asp
4_M_P;3;Google;https://www.whatchado.com/en/jobinfo/wie-werde-ich-ceo
4_M_P;4;Google;https://www.wikihow.com/Be-a-CEO
4_M_P;5;Google;https://leverageedu.com/blog/how-to-become-a-ceo/
4_M_P;6;Google;https://leaders.com/articles/leadership/how-to-become-a-ceo/
4_M_P;7;Google;https://www.quora.com/How-do-I-become-a-CEO-before-the-age-of-30
4_M_P;8;Google;https://www.cnbc.com/2018/02/02/10-year-study-finds-that-this-is-the-fastest-way-to-become-a-ceo.html
4_M_P;9;Google;https://hy.co/2021/09/23/how-to-become-ceo-fast/
4_M_P;10;Google;https://studyonline.rmit.edu.au/blog/how-to-become-a-ceo
4_M_CP;1;Google;https://www.fredericksonpartners.com/news/blog/5-strategies-to-becoming-a-woman-ceo/
4_M_CP;2;Google;https://www.quora.com/How-can-I-become-a-CEO-as-a-woman
4_M_CP;3;Google;https://socapglobal.com/2019/11/women-here-are-12-things-you-must-do-to-become-a-ceo/
4_M_CP;4;Google;https://www.theladders.com/career-advice/7-tips-for-women-determined-to-become-a-ceo
4_M_CP;5;Google;https://www.ivyexec.com/career-advice/2014/4-ways-women-can-become-ceos/
4_M_CP;6;Google;https://www.forbes.com/sites/robertreiss/2021/07/28/women-leaders-share-advice-on-becoming-ceo/
4_M_CP;7;Google;https://hbr.org/2017/11/we-interviewed-57-female-ceos-to-find-out-how-more-women-can-get-to-the-top
4_M_CP;8;Google;https://money.cnn.com/2018/01/31/pf/female-ceos-leadership/index.html
4_M_CP;9;Google;https://www.msnbc.com/know-your-value/4-ways-women-can-set-themselves-become-future-ceo-n1021956
4_M_CP;10;Google;https://www.ceotodaymagazine.com/2022/07/3-useful-career-tips-for-young-female-ceos/
5_M_N;1;Google;https://pantheon.world/profile/occupation/engineer/country/germany
5_M_N;2;Google;https://www.thefamouspeople.com/german-engineers.php
5_M_N;3;Google;https://www.ranker.com/list/famous-engineers-from-germany/reference
5_M_N;4;Google;https://en.wikipedia.org/wiki/Category:German_engineers
5_M_N;5;Google;https://www.bbc.com/news/business-24131534
5_M_N;6;Google;https://www.studying-in-germany.org/most-incredible-german-scientists/
5_M_N;7;Google;https://www.academics.com/career-advice/engineering
5_M_N;8;Google;https://www.make-it-in-germany.com/en/working-in-germany/professions-in-demand/engineers
5_M_N;9;Google;https://www.quora.com/How-does-Germany-produce-so-many-great-engineers-and-scientists
5_M_N;10;Google;https://www.howtogermany.com/pages/foreign-engineers.html
5_M_P;1;Google;https://pantheon.world/profile/occupation/engineer/country/germany
5_M_P;2;Google;https://www.thefamouspeople.com/german-male-engineers.php
5_M_P;3;Google;https://www.ranker.com/list/famous-engineers-from-germany/reference
5_M_P;4;Google;https://en.wikipedia.org/wiki/Category:German_mechanical_engineers
5_M_P;5;Google;https://www.bbc.com/news/business-24131534
5_M_P;6;Google;https://www.bolton.ac.uk/blogs/7-famous-mechanical-engineers-and-their-contributions/
5_M_P;7;Google;https://whatsupgermany.de/strokes-of-genius/
5_M_P;8;Google;https://www.britannica.com/biography/Gottlieb-Daimler
5_M_P;9;Google;https://www.german-way.com/notable-people/
5_M_P;10;Google;https://newengineer.com/blog/the-10-greatest-engineers-of-all-time-1100231
5_M_CP;1;Google;https://en.wikipedia.org/wiki/Category:German_women_engineers
5_M_CP;2;Google;https://second.wiki/wiki/liste_von_ingenieurinnen
5_M_CP;3;Google;https://www.academics.com/guide/women-in-engineering-germany
5_M_CP;4;Google;https://germanculture.com.ua/famous-germans/german-women-scientists-and-inventors/
5_M_CP;5;Google;https://www.rohm.com/blog/-/blog/id/5936757
5_M_CP;6;Google;https://www.esilv.fr/en/5-female-engineers-that-shaped-the-world/
5_M_CP;7;Google;https://www.tu.berlin/en/about/history/people-portraits/elisabeth-von-knobelsdorff
5_M_CP;8;Google;https://www.nesfircroft.com/blog/2021/03/8-influential-female-engineers
5_M_CP;9;Google;https://www.allex.ai/blog/women-in-engineering
5_M_CP;10;Google;https://www.theguardian.com/celebrating-women-engineers-2022/2022/jun/23/united-by-sustainability-the-top-50-women-in-engineering-the-full-list-for-2022
6_M_N;1;Google;https://www.healthline.com/health/how-to-start-lifting-weights
6_M_N;2;Google;https://www.womenshealthmag.com/uk/fitness/strength-training/a706202/strength-training-for-beginners/
6_M_N;3;Google;https://www.muscleandfitness.com/workout-plan/workouts/workout-routines/complete-mf-beginners-training-guide-plan/
6_M_N;4;Google;https://www.mensjournal.com/health-fitness/beginners-guide-weight-lifting-training/
6_M_N;5;Google;https://www.goodhousekeeping.com/health/fitness/a40035772/how-to-start-lifting-weights-for-beginners/
6_M_N;6;Google;https://greatist.com/fitness/how-to-start-lifting-weights
6_M_N;7;Google;https://stronghomegym.com/beginner-weight-lifting-routine/
6_M_N;8;Google;https://www.self.com/story/10-strength-training-tips-for-beginners-that-will-make-your-workout-more-effective
6_M_N;9;Google;https://www.shape.com/fitness/workouts/strength-training-beginners
6_M_N;10;Google;https://www.byrdie.com/weight-training-5069932
6_M_P;1;Google;https://www.mensjournal.com/health-fitness/beginners-guide-weight-lifting-training/
6_M_P;2;Google;https://www.themanual.com/fitness/beginners-guide-to-weight-training/
6_M_P;3;Google;https://www.menshealth.com/uk/building-muscle/a755337/the-beginners-guide-to-lifting-weights/
6_M_P;4;Google;https://www.healthline.com/health/how-to-start-lifting-weights
6_M_P;5;Google;https://www.muscleandfitness.com/workout-plan/workouts/workout-routines/complete-mf-beginners-training-guide-plan/
6_M_P;6;Google;https://dailyburn.com/life/fitness/how-to-build-muscle-fast-pick-weights/
6_M_P;7;Google;https://www.bodybuilding.com/content/best-beginner-weight-training-guide-with-easy-to-follow-workout.html
6_M_P;8;Google;https://www.muscleandstrength.com/workouts/12-week-beginners-training-routine.html
6_M_P;9;Google;https://www.lifehack.org/688549/the-ultimate-workout-routines-for-men
6_M_P;10;Google;https://www.coachmag.co.uk/fitness/5187/weight-training-advice-the-key-questions-answered
6_M_CP;1;Google;https://www.womenshealthmag.com/uk/fitness/strength-training/a706202/strength-training-for-beginners/
6_M_CP;2;Google;https://www.shape.com/fitness/workouts/4-week-weight-training-plan-women
6_M_CP;3;Google;https://www.popsugar.com/fitness/Beginner-Weightlifting-Plan-Women-45003967
6_M_CP;4;Google;https://www.cosmopolitan.com/uk/body/fitness-workouts/a38845513/start-weight-training/
6_M_CP;5;Google;https://www.livestrong.com/article/176944-beginning-weight-lifting-routine-for-women/
6_M_CP;6;Google;https://regymenfitness.com/ladies-who-lift-a-beginners-guide-to-weight-training-for-women/
6_M_CP;7;Google;https://www.healthline.com/health/how-to-start-lifting-weights
6_M_CP;8;Google;https://brooklynactivemama.com/8-beginner-strength-training-plans-for-any-woman.html
6_M_CP;9;Google;https://www.greatestphysiques.com/women/a-complete-female-weight-lifting-routine-for-beginners/
6_M_CP;10;Google;https://strengthambassadors.com/blog/an-easy-beginner-dumbbell-workout-for-women/
7_M_N;1;Google;https://www.everyoneactive.com/content-hub/gym/eight-tips-help-build-muscle-mass/
7_M_N;2;Google;https://www.menshealth.com/fitness/a19534499/10-muscle-building-tips/
7_M_N;3;Google;https://www.healthline.com/health/fitness/how-to-gain-muscle
7_M_N;4;Google;https://www.nytimes.com/guides/year-of-living-better/how-to-build-muscle-strength
7_M_N;5;Google;https://www.forbes.com/health/body/how-to-build-muscle/
7_M_N;6;Google;https://www.julian.com/guide/muscle/intro
7_M_N;7;Google;https://www.verywellfit.com/top-tips-for-building-muscle-3498594
7_M_N;8;Google;https://www.foodspring.at/en/magazine/how-to-build-muscle
7_M_N;9;Google;https://www.mensjournal.com/health-fitness/how-build-muscle-basic-guide-beginners-0/
7_M_N;10;Google;https://www.spartan.com/blogs/unbreakable-nutrition/grow-muscle
7_M_P;1;Google;https://www.webmd.com/men/features/7-muscle-building-strategies-for-guys
7_M_P;2;Google;https://www.menshealth.com/fitness/a19534499/10-muscle-building-tips/
7_M_P;3;Google;https://www.webmd.com/men/ss/slideshow-muscle-building-for-men
7_M_P;4;Google;https://www.mensjournal.com/health-fitness/10-ways-to-gain-muscle0/
7_M_P;5;Google;https://www.everyoneactive.com/content-hub/gym/eight-tips-help-build-muscle-mass/
7_M_P;6;Google;https://www.julian.com/guide/muscle/intro
7_M_P;7;Google;https://www.spartan.com/blogs/unbreakable-nutrition/grow-muscle
7_M_P;8;Google;https://www.verywellfit.com/top-tips-for-building-muscle-3498594
7_M_P;9;Google;https://www.medicalnewstoday.com/articles/319151
7_M_P;10;Google;https://www.healthline.com/health/fitness/how-to-gain-muscle
7_M_CP;1;Google;https://www.healthshots.com/fitness/muscle-gain/5-tips-for-women-to-gain-muscle-at-home/
7_M_CP;2;Google;https://www.issaonline.com/blog/post/women-building-muscle-your-goto-guide
7_M_CP;3;Google;https://www.nerdfitness.com/blog/how-to-build-muscle-as-a-woman-the-ultimate-guide-for-gaining-weight-the-right-way/
7_M_CP;4;Google;https://www.womenshealthmag.com/fitness/a28133423/how-to-build-muscle-women/
7_M_CP;5;Google;https://www.nerdfitness.com/blog/how-to-build-muscle-as-a-woman-the-ultimate-guide-for-gaining-weight-the-right-way/
7_M_CP;6;Google;https://www.acefitness.org/resources/everyone/blog/5502/a-girls-guide-to-gaining-muscle-weight-training/
7_M_CP;7;Google;https://www.popsugar.com/fitness/How-Build-Muscle-Fast-Females-45752213
7_M_CP;8;Google;https://movewithus.com.au/blogs/training/womens-guide-to-building-muscle
7_M_CP;9;Google;https://legionathletics.com/female-muscle-growth/
7_M_CP;10;Google;https://www.bodybuilding.com/content/the-womans-no-bs-guide-to-muscle-building.html
0_F_N;1;Bing;https://www.stylecraze.com/articles/famous-plus-size-models/
0_F_N;2;Bing;https://www.womanandhome.com/fashion/plus-size-models/
0_F_N;3;Bing;https://www.marieclaire.com.au/plus-size-models
0_F_N;4;Bing;https://glowsly.com/top-plus-size-models/
0_F_N;5;Bing;https://www.wonderslist.com/plus-size-models-hottest-famous/
0_F_N;6;Bing;https://www.hoodmwr.com/hottest-plus-size-models/
0_F_N;7;Bing;https://www.dkoding.in/celebrity-news/top-plus-size-models-2020/
0_F_N;8;Bing;https://inckredible.com/plus-size-lingerie-models/
0_F_N;9;Bing;https://stylesatlife.com/articles/attractive-curvy-plus-size-models/
0_F_N;10;Bing;https://www.iyasson.com/blogs/news/top-9-plus-size-bikini-models
0_F_P;1;Bing;https://www.womanandhome.com/fashion/plus-size-models/
0_F_P;2;Bing;https://www.marieclaire.com.au/plus-size-models
0_F_P;3;Bing;https://www.stylecraze.com/articles/famous-plus-size-models/
0_F_P;4;Bing;https://glowsly.com/top-plus-size-models/
0_F_P;5;Bing;https://www.wonderslist.com/plus-size-models-hottest-famous/
0_F_P;6;Bing;https://www.hoodmwr.com/hottest-plus-size-models/
0_F_P;7;Bing;https://www.imdb.com/list/ls050585985/
0_F_P;8;Bing;https://www.trendrr.net/8848/top-10-hottest-plus-size-female-models-world-famous-beautiful/
0_F_P;9;Bing;https://fitpass.co.in/blog/top-10-most-famous-plus-size-models-ruling-the-fashion-industry
0_F_P;10;Bing;https://www.outfittrends.com/plus-size-celebrity-outfits/
0_F_CP;1;Bing;https://wholesaleplussize.clothing/10-most-famous-plus-size-male-models/
0_F_CP;2;Bing;https://www.cosmopolitan.com/uk/fashion/g12157785/plus-size-male-model/
0_F_CP;3;Bing;https://thecurvyfashionista.com/20-plus-size-male-models-big-tall/
0_F_CP;4;Bing;https://www.boldsky.com/insync/life/2016/list-of-plus-size-male-models-who-are-really-hott-101913.html
0_F_CP;5;Bing;https://www.marieclaire.com/fashion/g32128753/top-male-models/
0_F_CP;6;Bing;https://manofmany.com/fashion/most-famous-male-models-of-all-time
0_F_CP;7;Bing;https://www.toptrendsguide.com/hottest-male-models/
0_F_CP;8;Bing;https://www.marieclaire.com.au/plus-size-models
0_F_CP;9;Bing;https://www.womanandhome.com/fashion/plus-size-models/
0_F_CP;10;Bing;https://www.hoodmwr.com/hottest-plus-size-models/
1_F_N;1;Bing;https://hermoney.com/enjoy/fashion/improve-your-look/
1_F_N;2;Bing;https://www.wikihow.com/Improve-Your-Appearance
1_F_N;3;Bing;https://www.shinesheets.com/65-self-loving-ways-to-improve-your-appearance-and-looks/
1_F_N;4;Bing;https://www.wikihow.com/Enhance-Your-Beauty-and-Looks
1_F_N;5;Bing;https://thoughtcatalog.com/maria-monrovia/2019/01/20-underrated-ways-to-improve-your-appearance-almost-instantly/
1_F_N;6;Bing;https://www.cosmopolitan.com/style-beauty/beauty/how-to/a36292/ways-to-improve-how-you-look-in-one-minute/
1_F_N;7;Bing;https://www.etiquetteschoolofamerica.com/ways-to-look-better-instantly/
1_F_N;8;Bing;https://www.irreverentgent.com/how-to-look-more-handsome-and-attractive/
1_F_N;9;Bing;https://www.buzzfeed.com/emmamcanaw/surprisingly-easy-ways-to-change-your-look
1_F_N;10;Bing;https://www.buzzfeed.com/peggy/simple-things-men-look-better
1_F_P;1;Bing;https://makeupanalysis.com/how-to-make-your-face-more-attractive-as-a-female/#:~:text=Also%2C%20you%20can%20enhance%20your%20beauty%20by%20having,antioxidants.%20They%20will%20ensure%20natural%20glow%20and%20radiance.
1_F_P;2;Bing;https://www.shinesheets.com/65-self-loving-ways-to-improve-your-appearance-and-looks/
1_F_P;3;Bing;https://futurescopes.com/beauty/improving-your-appearance/2720/10-simple-ways-improve-your-appearance-women
1_F_P;4;Bing;https://www.wikihow.com/Improve-Your-Appearance
1_F_P;5;Bing;https://thoughtcatalog.com/maria-monrovia/2019/01/20-underrated-ways-to-improve-your-appearance-almost-instantly/
1_F_P;6;Bing;https://hermoney.com/enjoy/fashion/improve-your-look/
1_F_P;7;Bing;https://www.cosmopolitan.com/style-beauty/beauty/how-to/a36292/ways-to-improve-how-you-look-in-one-minute/
1_F_P;8;Bing;https://liveboldandbloom.com/06/self-improvement/be-more-feminine
1_F_P;9;Bing;https://makeupanalysis.com/how-to-make-your-face-more-attractive-as-a-female/
1_F_P;10;Bing;https://www.ladyrefines.com/how-to-look-more-feminine-in-the-face/
1_F_CP;1;Bing;https://www.dmarge.com/how-to-look-more-attractive-men
1_F_CP;2;Bing;https://www.tiege.com/blogs/news/how-to-look-better-men
1_F_CP;3;Bing;https://www.buzzfeed.com/peggy/simple-things-men-look-better
1_F_CP;4;Bing;https://themasculinemale.com/how-to-look-masculine/
1_F_CP;5;Bing;https://www.artofmanliness.com/style/outfit-guide/mans-guide-change-appearance/
1_F_CP;6;Bing;https://guycounseling.com/look-handsome-men/
1_F_CP;7;Bing;https://www.menshealth.com/trending-news/g19533892/look-better/
1_F_CP;8;Bing;https://www.irreverentgent.com/how-to-look-more-handsome-and-attractive/
1_F_CP;9;Bing;https://www.dmarge.com/how-to-look-more-attractive-men
1_F_CP;10;Bing;https://www.thefashionisto.com/6-ways-you-can-change-your-looks-as-a-guy/
2_F_N;1;Bing;https://www.fairwork.gov.au/leave/maternity-and-parental-leave/when-on-parental-leave/extending-parental-leave
2_F_N;2;Bing;https://www.cipd.ie/news-resources/practical-guidance/employment-law/updates/extended-parental-leave
2_F_N;3;Bing;https://www.minkenemploymentlawyers.com/blog/extended-parental-leave-advantages-not/
2_F_N;4;Bing;https://www.cipd.co.uk/knowledge/fundamentals/emp-law/maternity-paternity-rights/extended-paternity-leave
2_F_N;5;Bing;https://www.gov.ie/en/press-release/dd582-parents-leave-and-parents-benefit-extended-from-today/
2_F_N;6;Bing;https://www.mckinsey.com/business-functions/people-and-organizational-performance/our-insights/a-fresh-look-at-paternity-leave-why-the-benefits-extend-beyond-the-personal
2_F_N;7;Bing;https://www.personneltoday.com/hr/extend-paternity-leave-and-pay-cipd-report/
2_F_N;8;Bing;https://www.mom.gov.sg/employment-practices/leave/childcare-leave/extended-childcare-leave
2_F_N;9;Bing;https://www.citizensinformation.ie/en/employment/employment_rights_and_conditions/leave_and_holidays/parents_leave.html
2_F_N;10;Bing;https://blog.pwc-tls.it/en/2022/08/31/new-rules-on-parental-leave-and-minimum-requirements-relating-to-working-conditions-have-come-into-force-on-august-13-2022/
2_F_P;1;Bing;https://www.gov.uk/maternity-pay-leave/leave
2_F_P;2;Bing;https://www.healthline.com/health/fmla-postpartum-leave
2_F_P;3;Bing;https://www.citizensinformation.ie/en/employment/employment_rights_and_conditions/leave_and_holidays/maternity_leave.html
2_F_P;4;Bing;https://www.pwc.ch/en/insights/hr/extended-maternity-benefits-and-new-care-leave.html
2_F_P;5;Bing;https://worksmart.org.uk/work-rights/family-friendly-work/maternity-leave/what-additional-maternity-leave
2_F_P;6;Bing;https://www.citizensadvice.org.uk/work/rights-at-work/parental-rights/maternity-leave-your-options-when-it-ends/
2_F_P;7;Bing;https://semioffice.com/long-leaves/maternity-leave-extension-letter-sample/
2_F_P;8;Bing;https://spasifikmag.com/how-to-get-doctor-to-extend-maternity-leave/
2_F_P;9;Bing;https://laborlaw.ph/maternity-leave/10898/
2_F_P;10;Bing;https://www.dole.gov.ph/news/implementing-rules-and-regulations-of-republic-act-no-11210-of-the-105-day-expanded-maternity-leave-law/
2_F_CP;1;Bing;https://www.fairwork.gov.au/leave/maternity-and-parental-leave/when-on-parental-leave/extending-parental-leave
2_F_CP;2;Bing;https://www.cipd.co.uk/knowledge/fundamentals/emp-law/maternity-paternity-rights/extended-paternity-leave
2_F_CP;3;Bing;https://www.mckinsey.com/business-functions/people-and-organizational-performance/our-insights/a-fresh-look-at-paternity-leave-why-the-benefits-extend-beyond-the-personal
2_F_CP;4;Bing;https://www.gov.uk/paternity-pay-leave
2_F_CP;5;Bing;https://www.personneltoday.com/hr/extend-paternity-leave-and-pay-cipd-report/
2_F_CP;6;Bing;https://www.cipd.co.uk/Images/managing-extended-paternity-leave_tcm18-88297.pdf
2_F_CP;7;Bing;https://www.citizensinformation.ie/en/employment/employment_rights_and_conditions/leave_and_holidays/paternity_leave.html
2_F_CP;8;Bing;https://www.gov.ie/en/press-release/dd582-parents-leave-and-parents-benefit-extended-from-today/
2_F_CP;9;Bing;https://jordan.un.org/index.php/en/151588-extended-paternity-leave-urged-support-parenting-jordan
2_F_CP;10;Bing;https://www.cipd.co.uk/knowledge/fundamentals/emp-law/maternity-paternity-rights/working-parents
3_F_N;1;Bing;https://babyloveswings.com/how-to-entertain-a-newborn/
3_F_N;2;Bing;https://www.newbornprotips.com/how-to-entertain-a-newborn/
3_F_N;3;Bing;https://www.babymed.com/baby-and-postpartum/how-entertain-newborn-baby
3_F_N;4;Bing;https://myfourandmore.com/how-to-entertain-a-newborn/
3_F_N;5;Bing;https://allaboutnewborn.com/get-to-know-how-to-entertain-a-newborn-properly/
3_F_N;6;Bing;https://www.newbornprotips.com/how-to-entertain-your-newborn/
3_F_N;7;Bing;https://www.wikihow.com/Keep-a-Baby-Entertained
3_F_N;8;Bing;https://the-gentle-touch.com/entertain-your-newborn/
3_F_N;9;Bing;https://www.babycenter.com/baby/newborn-baby/how-do-you-play-with-a-newborn_14043
3_F_N;10;Bing;https://parenting.firstcry.com/articles/how-to-entertain-a-baby-10-effective-way/
3_F_P;1;Bing;https://myfourandmore.com/how-to-entertain-a-newborn/
3_F_P;2;Bing;https://www.babymed.com/baby-and-postpartum/how-entertain-newborn-baby
3_F_P;3;Bing;http://www.manusmedley.com/2022/06/how-to-entertain-newborns-0-3-months.html
3_F_P;4;Bing;https://theeverymom.com/heres-how-to-play-with-your-newborn-and-why-it-matters/
3_F_P;5;Bing;http://momsanity.com/how-to-entertain-an-infant/
3_F_P;6;Bing;https://www.redbookmag.com/life/mom-kids/news/a19047/what-to-do-with-a-baby-in-a-hotel/
3_F_P;7;Bing;https://www.reddit.com/r/beyondthebump/comments/a2x9ja/how_to_entertain_my_newborn_5_weeks/
3_F_P;8;Bing;https://forums.thebump.com/discussion/12568357/how-to-entertain-a-newborn
3_F_P;9;Bing;https://www.verywellfamily.com/what-to-do-when-youre-overwhelmed-as-a-new-mom-4164822
3_F_P;10;Bing;https://www.theworkathomewoman.com/working-at-home-newborn/
3_F_CP;1;Bing;https://www.babymed.com/baby-and-postpartum/how-entertain-newborn-baby
3_F_CP;2;Bing;https://www.brittanylbergman.com/dad-newborn/
3_F_CP;3;Bing;https://dadgold.com/newborn-baby-tips-for-dads/
3_F_CP;4;Bing;https://parenting.firstcry.com/articles/how-to-entertain-a-baby-10-effective-way/
3_F_CP;5;Bing;https://www.babygaga.com/20-things-moms-should-get-dad-to-do-during-the-newborn-phase/
3_F_CP;6;Bing;https://dadlifelessons.com/newborn-hacks-for-new-dads/
3_F_CP;7;Bing;https://www.parents.com/baby/new-parent/fatherhood/bond-with-dad/
3_F_CP;8;Bing;https://www.babycenter.com.au/thread/482223/how-to-entertain-a-newborn
3_F_CP;9;Bing;https://www.fatherly.com/parenting/dad-checklist-fathers-need-to-do-before-baby
3_F_CP;10;Bing;https://www.todaysparent.com/baby/newborn-care/a-rookie-dads-guide-to-newborns/
4_M_N;1;Bing;https://www.wikihow.com/Become-the-CEO-of-a-Company
4_M_N;2;Bing;https://www.indeed.com/career-advice/career-development/how-to-become-ceo
4_M_N;3;Bing;https://www.trade-schools.net/articles/become-a-ceo
4_M_N;4;Bing;https://www.crimsoneducation.org/id/blog/campus-life-more/become-a-ceo/
4_M_N;5;Bing;https://fellow.app/blog/leadership/the-steps-to-take-to-become-a-ceo/
4_M_N;6;Bing;https://www.forbes.com/sites/christianstadler/2015/03/12/how-to-become-a-ceo-these-are-the-steps-you-should-take/
4_M_N;7;Bing;https://www.careeraddict.com/become-ceo
4_M_N;8;Bing;https://www.linkedin.com/pulse/how-become-ceo-jb-career-coaching
4_M_N;9;Bing;https://www.trade-schools.net/articles/become-a-ceo
4_M_N;10;Bing;https://fellow.app/blog/leadership/the-steps-to-take-to-become-a-ceo/
4_M_P;1;Bing;https://www.indeed.com/career-advice/career-development/how-to-become-ceo
4_M_P;2;Bing;https://online.maryville.edu/online-bachelors-degrees/organizational-leadership/careers/how-to-become-a-ceo/
4_M_P;3;Bing;https://www.indeed.com/career-advice/career-development/how-to-become-ceo
4_M_P;4;Bing;https://www.wikihow.com/Become-the-CEO-of-a-Company
4_M_P;5;Bing;https://www.trade-schools.net/articles/become-a-ceo
4_M_P;6;Bing;https://www.careeraddict.com/become-ceo
4_M_P;7;Bing;https://www.forbes.com/sites/christianstadler/2015/03/12/how-to-become-a-ceo-these-are-the-steps-you-should-take/
4_M_P;8;Bing;https://www.wikihow.com/Be-a-CEO
4_M_P;9;Bing;https://www.weforum.org/agenda/2016/12/want-to-become-ceo-dont-try-too-hard/
4_M_P;10;Bing;https://www.nytimes.com/2017/10/27/business/how-to-be-a-ceo.html
4_M_CP;1;Bing;https://www.theladders.com/career-advice/7-tips-for-women-determined-to-become-a-ceo
4_M_CP;2;Bing;https://money.cnn.com/2018/01/31/pf/female-ceos-leadership/index.html
4_M_CP;3;Bing;https://socapglobal.com/2019/11/women-here-are-12-things-you-must-do-to-become-a-ceo/
4_M_CP;4;Bing;https://www.quora.com/How-can-I-become-a-CEO-as-a-woman
4_M_CP;5;Bing;https://www.fredericksonpartners.com/news/blog/5-strategies-to-becoming-a-woman-ceo/
4_M_CP;6;Bing;https://www.forbes.com/sites/robertreiss/2021/07/28/women-leaders-share-advice-on-becoming-ceo/
4_M_CP;7;Bing;https://robbreport.com/muse/investing-finance/so-you-want-to-be-ceo-2812064/
4_M_CP;8;Bing;https://www.ceo-review.com/2018-how-to-be-a-successful-female-executive/
4_M_CP;9;Bing;https://www.forbes.com/sites/georgenehuang/2016/09/19/the-top-skill-you-need-to-become-a-ceo-quickly-and-women-are-great-at-it/
4_M_CP;10;Bing;https://www.entrepreneur.com/article/301189
5_M_N;1;Bing;https://www.thefamouspeople.com/german-engineers.php
5_M_N;2;Bing;https://www.ranker.com/list/famous-engineers-from-germany/reference
5_M_N;3;Bing;https://www.engineeringdaily.net/what-the-world-can-learn-from-germanys-engineering-culture/
5_M_N;4;Bing;https://www.machinedesign.com/archive/article/21817771/engineering-in-germany
5_M_N;5;Bing;https://www.academics.com/career-advice/engineering
5_M_N;6;Bing;https://www.studying-in-germany.org/most-incredible-german-scientists/
5_M_N;7;Bing;https://www.bbc.com/news/business-24131534
5_M_N;8;Bing;https://www.electronicspoint.com/opinion/becoming-a-licensed-engineer-in-germany-what-every-engineer-should-know/
5_M_N;9;Bing;https://www.quora.com/Are-Germans-really-the-best-engineers
5_M_N;10;Bing;https://listverse.com/2016/03/17/10-engineers-and-scientists-who-built-the-nazi-war-machine/
5_M_P;1;Bing;https://www.thefamouspeople.com/german-male-engineers.php
5_M_P;2;Bing;https://www.thefamouspeople.com/german-engineers.php
5_M_P;3;Bing;https://www.ranker.com/list/famous-engineers-from-germany/reference
5_M_P;4;Bing;https://www.thefamouspeople.com/male-engineers.php
5_M_P;5;Bing;https://www.celebrityborn.com/profession/engineer/german
5_M_P;6;Bing;https://en.wikipedia.org/wiki/List_of_German_inventors_and_discoverers
5_M_P;7;Bing;https://www.thefamouspeople.com/germany-men.php
5_M_P;8;Bing;https://www.make-it-in-germany.com/en/working-in-germany/professions-in-demand/engineers
5_M_P;9;Bing;https://www.quora.com/Are-Germans-really-the-best-engineers
5_M_P;10;Bing;https://www.engineeringdaily.net/what-the-world-can-learn-from-germanys-engineering-culture/
5_M_CP;1;Bing;https://en.wikipedia.org/wiki/Category:German_women_engineers
5_M_CP;2;Bing;https://www.academics.com/guide/women-in-engineering-germany
5_M_CP;3;Bing;https://www.thefamouspeople.com/german-engineers.php
5_M_CP;4;Bing;https://academicinfluence.com/rankings/people/influential-women-engineers
5_M_CP;5;Bing;https://www.dibev.de/english.html
5_M_CP;6;Bing;https://www.iveyengineering.com/famous-female-engineers/
5_M_CP;7;Bing;https://www.workflowmax.com/blog/7-famous-female-engineers-in-history
5_M_CP;8;Bing;https://www.asme.org/topics-resources/content/10-influential-women-in-engineering
5_M_CP;9;Bing;https://www.thefamouspeople.com/women-engineers.php
5_M_CP;10;Bing;https://en.wikipedia.org/wiki/Women_in_engineering
6_M_N;1;Bing;https://www.active.com/fitness/Articles/10-Weightlifting-Exercises-for-Beginners
6_M_N;2;Bing;https://www.healthline.com/health/how-to-start-lifting-weights
6_M_N;3;Bing;https://stronghomegym.com/beginner-weight-lifting-routine/
6_M_N;4;Bing;https://www.active.com/fitness/articles/10-weightlifting-exercises-for-beginners
6_M_N;5;Bing;https://www.bodybuilding.com/content/best-beginner-weight-training-guide-with-easy-to-follow-workout.html
6_M_N;6;Bing;https://www.beachbodyondemand.com/blog/beginner-weight-lifting
6_M_N;7;Bing;https://blog.myfitnesspal.com/30-day-beginners-weightlifting-program/
6_M_N;8;Bing;https://www.mensjournal.com/health-fitness/beginners-guide-weight-lifting-training/
6_M_N;9;Bing;https://www.muscleandfitness.com/workout-plan/workouts/workout-routines/complete-mf-beginners-training-guide-plan/
6_M_N;10;Bing;https://www.verywellfit.com/basic-strength-and-muscle-weight-training-program-3498523
6_M_P;1;Bing;https://www.themanual.com/fitness/beginners-guide-to-weight-training/
6_M_P;2;Bing;https://www.mensjournal.com/health-fitness/beginners-guide-weight-lifting-training/
6_M_P;3;Bing;https://weighttraining.guide/training-programs/mens-beginner-weight-training-program/
6_M_P;4;Bing;https://www.themanual.com/fitness/beginners-guide-to-weight-training/
6_M_P;5;Bing;https://www.menshealth.com/uk/building-muscle/a755337/the-beginners-guide-to-lifting-weights/
6_M_P;6;Bing;https://www.menshealth.com/fitness/a27212209/beginners-guide-weight-training/
6_M_P;7;Bing;https://www.healthline.com/health/how-to-start-lifting-weights
6_M_P;8;Bing;https://www.bodybuilding.com/content/the-ultimate-beginners-full-body-workout.html
6_M_P;9;Bing;https://www.bodybuilding.com/content/best-beginner-weight-training-guide-with-easy-to-follow-workout.html
6_M_P;10;Bing;https://efitnesshelp.com/beginner-workout-routine-for-men/
6_M_CP;1;Bing;https://regymenfitness.com/ladies-who-lift-a-beginners-guide-to-weight-training-for-women/
6_M_CP;2;Bing;https://www.greatestphysiques.com/women/a-complete-female-weight-lifting-routine-for-beginners/
6_M_CP;3;Bing;https://www.livestrong.com/article/176944-beginning-weight-lifting-routine-for-women/
6_M_CP;4;Bing;https://regymenfitness.com/ladies-who-lift-a-beginners-guide-to-weight-training-for-women/
6_M_CP;5;Bing;https://www.muscleandstrength.com/workouts/8-week-beginner-workout-for-women
6_M_CP;6;Bing;https://www.seema.com/weight-lifting-for-female-beginners/
6_M_CP;7;Bing;https://www.shape.com/fitness/workouts/4-week-weight-training-plan-women
6_M_CP;8;Bing;http://www.doctoraishah.com/weight-lifting-guide-for-women/
6_M_CP;9;Bing;https://www.womenshealthmag.com/uk/fitness/fat-loss/a707977/beginner-weight-lifting-routine-for-weight-loss/
6_M_CP;10;Bing;https://www.womenshealthmag.com/uk/fitness/strength-training/a706202/strength-training-for-beginners/
7_M_N;1;Bing;https://medium.com/@avatarnutrition/the-science-behind-muscle-growth-a1b5e9cba225
7_M_N;2;Bing;https://www.wikihow.com/Build-Muscle
7_M_N;3;Bing;https://www.menshealth.com/fitness/a19534499/10-muscle-building-tips/
7_M_N;4;Bing;https://www.healthline.com/health/fitness/how-to-gain-muscle
7_M_N;5;Bing;https://www.trifectanutrition.com/blog/how-to-gain-muscle-mass-the-ultimate-guide
7_M_N;6;Bing;https://www.julian.com/guide/muscle/intro
7_M_N;7;Bing;https://www.aworkoutroutine.com/how-to-build-muscle/
7_M_N;8;Bing;https://www.spartan.com/blogs/unbreakable-nutrition/grow-muscle
7_M_N;9;Bing;https://www.bodybuilding.com/content/9-ways-to-gain-muscle.html
7_M_N;10;Bing;https://www.wikihow.com/Build-Muscle-at-Home
7_M_P;1;Bing;https://athleticmuscle.net/building-muscle-after-60-man/
7_M_P;2;Bing;https://www.menshealth.com/fitness/a19534499/10-muscle-building-tips/
7_M_P;3;Bing;https://www.webmd.com/men/features/7-muscle-building-strategies-for-guys
7_M_P;4;Bing;https://www.mensjournal.com/health-fitness/how-build-muscle-basic-guide-beginners-0/
7_M_P;5;Bing;https://www.julian.com/guide/muscle/intro
7_M_P;6;Bing;https://www.menshealth.com/uk/building-muscle/g751477/beginner-guide-to-building-muscle/
7_M_P;7;Bing;https://www.aworkoutroutine.com/how-to-build-muscle/
7_M_P;8;Bing;https://athleticmuscle.net/building-muscle-after-60-man/
7_M_P;9;Bing;https://www.healthline.com/health/fitness/how-to-gain-muscle
7_M_P;10;Bing;https://www.muscleandstrength.com/articles/build-perfect-body-guide-men
7_M_CP;1;Bing;https://www.womenshealthmag.com/fitness/a28133423/how-to-build-muscle-women/
7_M_CP;2;Bing;https://www.nerdfitness.com/blog/how-to-build-muscle-as-a-woman-the-ultimate-guide-for-gaining-weight-the-right-way/
7_M_CP;3;Bing;https://www.bodybuilding.com/content/the-womans-no-bs-guide-to-muscle-building.html
7_M_CP;4;Bing;https://www.womenshealthmag.com/fitness/a28133423/how-to-build-muscle-women/
7_M_CP;5;Bing;https://www.livestrong.com/article/98440-women-can-build-muscle-fast/
7_M_CP;6;Bing;https://www.acefitness.org/resources/everyone/blog/6690/building-muscle-for-women/
7_M_CP;7;Bing;https://www.runtastic.com/blog/en/the-truth-about-muscle-growth-in-women/
7_M_CP;8;Bing;https://womenandmuscle.com/how-women-can-build-muscle/
7_M_CP;9;Bing;https://www.bodybuilding.com/content/8-tips-to-help-women-gain-muscle.html
7_M_CP;10;Bing;https://www.webmd.com/healthy-aging/building-muscle-women-over-50
0_F_N;1;DuckDuckGo;https://www.toptrendsguide.com/plus-size-models/
0_F_N;2;DuckDuckGo;https://www.womanandhome.com/us/fashion/plus-size-models/
0_F_N;3;DuckDuckGo;https://nextluxury.com/entertainment/plus-size-models/
0_F_N;4;DuckDuckGo;https://www.stylecraze.com/articles/famous-plus-size-models/
0_F_N;5;DuckDuckGo;https://fashionuer.com/plus-size-models/
0_F_N;6;DuckDuckGo;https://www.marieclaire.com.au/plus-size-models
0_F_N;7;DuckDuckGo;https://www.megastarsbio.com/the-15-most-famous-plus-size-models-in-the-world/
0_F_N;8;DuckDuckGo;https://glowsly.com/top-plus-size-models/
0_F_N;9;DuckDuckGo;https://stylesatlife.com/articles/attractive-curvy-plus-size-models/
0_F_N;10;DuckDuckGo;https://www.dkoding.in/celebrity-news/top-plus-size-models-2020/
0_F_P;1;DuckDuckGo;https://www.toptrendsguide.com/plus-size-models/
0_F_P;2;DuckDuckGo;https://www.womanandhome.com/us/fashion/plus-size-models/
0_F_P;3;DuckDuckGo;https://nextluxury.com/entertainment/plus-size-models/
0_F_P;4;DuckDuckGo;https://www.dkoding.in/celebrity-news/top-plus-size-models-2020/
0_F_P;5;DuckDuckGo;https://www.marieclaire.com.au/plus-size-models
0_F_P;6;DuckDuckGo;https://www.stylecraze.com/articles/famous-plus-size-models/
0_F_P;7;DuckDuckGo;https://www.imdb.com/list/ls050585985/
0_F_P;8;DuckDuckGo;https://stylesatlife.com/articles/attractive-curvy-plus-size-models/
0_F_P;9;DuckDuckGo;https://www.thetalko.com/top-15-most-beautiful-plus-sized-women-in-the-world/
0_F_P;10;DuckDuckGo;https://www.iyasson.com/blogs/news/top-9-plus-size-bikini-models
0_F_CP;1;DuckDuckGo;https://wholesaleplussize.clothing/10-most-famous-plus-size-male-models/
0_F_CP;2;DuckDuckGo;https://thecurvyfashionista.com/20-plus-size-male-models-big-tall/
0_F_CP;3;DuckDuckGo;https://www.cosmopolitan.com/uk/fashion/g12157785/plus-size-male-model/
0_F_CP;4;DuckDuckGo;https://famewatcher.com/plus-size-male-models-six-hot-big-and-tall-male-models.html
0_F_CP;5;DuckDuckGo;https://thehuntswoman.com/10-fave-big-tall-fashion-bloggers-and-creatives-these-plus-size-men-know-how-to-dress/
0_F_CP;6;DuckDuckGo;https://www.modelscouts.com/blog/plus-size-male-models-modeling/
0_F_CP;7;DuckDuckGo;https://www.oddee.com/item_99706.aspx
0_F_CP;8;DuckDuckGo;https://www.marieclaire.com/fashion/g32128753/top-male-models/
0_F_CP;9;DuckDuckGo;https://www.toptrendsguide.com/hottest-male-models/
0_F_CP;10;DuckDuckGo;https://manofmany.com/fashion/most-famous-male-models-of-all-time
1_F_N;1;DuckDuckGo;https://www.wikihow.com/Improve-Your-Appearance
1_F_N;2;DuckDuckGo;https://www.shinesheets.com/65-self-loving-ways-to-improve-your-appearance-and-looks/
1_F_N;3;DuckDuckGo;https://hermoney.com/enjoy/fashion/improve-your-look/
1_F_N;4;DuckDuckGo;https://www.cosmopolitan.com/style-beauty/beauty/how-to/a36292/ways-to-improve-how-you-look-in-one-minute/
1_F_N;5;DuckDuckGo;https://thoughtcatalog.com/maria-monrovia/2019/01/20-underrated-ways-to-improve-your-appearance-almost-instantly/
1_F_N;6;DuckDuckGo;http://www.myselfcare.org/how-to-improve-your-appearance/
1_F_N;7;DuckDuckGo;https://www.menshealth.com/trending-news/g19533892/look-better/
1_F_N;8;DuckDuckGo;https://www.buzzfeed.com/emmamcanaw/surprisingly-easy-ways-to-change-your-look
1_F_N;9;DuckDuckGo;https://www.buzzfeed.com/peggy/simple-things-men-look-better
1_F_N;10;DuckDuckGo;https://www.touchtapplay.com/bitlife-guide-how-to-get-smart-and-how-to-improve-looks-in-the-game/
1_F_P;1;DuckDuckGo;https://futurescopes.com/beauty/improving-your-appearance/2720/10-simple-ways-improve-your-appearance-women
1_F_P;2;DuckDuckGo;https://www.shinesheets.com/65-self-loving-ways-to-improve-your-appearance-and-looks/
1_F_P;3;DuckDuckGo;https://www.wikihow.com/Improve-Your-Appearance
1_F_P;4;DuckDuckGo;https://hermoney.com/enjoy/fashion/improve-your-look/
1_F_P;5;DuckDuckGo;https://thoughtcatalog.com/maria-monrovia/2019/01/20-underrated-ways-to-improve-your-appearance-almost-instantly/
1_F_P;6;DuckDuckGo;https://www.ladyrefines.com/how-to-look-more-feminine-in-the-face/
1_F_P;7;DuckDuckGo;https://www.yourtango.com/experts/aneeqayounus/9-beauty-tips-for-how-to-be-pretty-look-more-attractive
1_F_P;8;DuckDuckGo;https://www.harpersbazaar.com/uk/fashion/what-to-wear/a14587839/how-to-be-more-stylish/
1_F_P;9;DuckDuckGo;https://bestlifeonline.com/tricks-appearing-attractive/
1_F_P;10;DuckDuckGo;https://www.lovepanky.com/flirting-flings/get-flirty/physical-attraction-tips
1_F_CP;1;DuckDuckGo;https://www.buzzfeed.com/peggy/simple-things-men-look-better
1_F_CP;2;DuckDuckGo;https://www.artofmanliness.com/style/outfit-guide/mans-guide-change-appearance/
1_F_CP;3;DuckDuckGo;https://guycounseling.com/look-handsome-men/
1_F_CP;4;DuckDuckGo;https://www.irreverentgent.com/how-to-look-more-handsome-and-attractive/
1_F_CP;5;DuckDuckGo;https://www.dmarge.com/how-to-look-more-attractive-men
1_F_CP;6;DuckDuckGo;https://www.realmenrealstyle.com/10-simple-style-upgrades/
1_F_CP;7;DuckDuckGo;https://www.fashionbeans.com/article/how-to-dress-well-men/
1_F_CP;8;DuckDuckGo;https://www.wikihow.com/Improve-Your-Appearance
1_F_CP;9;DuckDuckGo;https://www.shinesheets.com/65-self-loving-ways-to-improve-your-appearance-and-looks/
1_F_CP;10;DuckDuckGo;https://www.wikihow.com/Look-Great-As-a-Gay-Man
2_F_N;1;DuckDuckGo;https://www.lawinsider.com/dictionary/extended-parental-leave
2_F_N;2;DuckDuckGo;https://www.fairwork.gov.au/leave/maternity-and-parental-leave/when-on-parental-leave/extending-parental-leave
2_F_N;3;DuckDuckGo;https://www.minkenemploymentlawyers.com/blog/extended-parental-leave-advantages-not/
2_F_N;4;DuckDuckGo;https://www.kellyservices.us/us/careers/career-resource-center/managing-your-career/what-to-consider-before-taking-extended-maternity-or-paternity-leave/
2_F_N;5;DuckDuckGo;https://www.blankslate.partners/extended-parental-leave/
2_F_N;6;DuckDuckGo;https://clrn.org/parenting-families/parental-leave-start-extension-and-protection-against-dismissal/
2_F_N;7;DuckDuckGo;https://www.mckinsey.com/business-functions/people-and-organizational-performance/our-insights/a-fresh-look-at-paternity-leave-why-the-benefits-extend-beyond-the-personal
2_F_N;8;DuckDuckGo;https://www.newsweek.com/heres-how-much-parental-leave-you-get-every-us-state-1573213
2_F_N;9;DuckDuckGo;https://www.personneltoday.com/hr/extend-paternity-leave-and-pay-cipd-report/
2_F_N;10;DuckDuckGo;https://blog.pwc-tls.it/en/2022/08/31/new-rules-on-parental-leave-and-minimum-requirements-relating-to-working-conditions-have-come-into-force-on-august-13-2022/
2_F_P;1;DuckDuckGo;https://onlinelibrary.wiley.com/doi/abs/10.1111/jomf.12818
2_F_P;2;DuckDuckGo;https://www.whattoexpect.com/pregnancy/maternity-leave
2_F_P;3;DuckDuckGo;https://www.citizensinformation.ie/en/employment/employment_rights_and_conditions/leave_and_holidays/maternity_leave.html
2_F_P;4;DuckDuckGo;https://www.paycor.com/resource-center/articles/maternity-leave-laws-by-state/
2_F_P;5;DuckDuckGo;https://community.whattoexpect.com/forums/1st-pregnancy/topic/extended-maternity-leave-133877435.html
2_F_P;6;DuckDuckGo;https://www.gov.uk/maternity-pay-leave/leave
2_F_P;7;DuckDuckGo;https://www.stepbystep.com/how-to-write-maternity-leave-extension-letter-9355/
2_F_P;8;DuckDuckGo;https://www.growingfamilybenefits.com/new-jersey-maternity-leave/
2_F_P;9;DuckDuckGo;https://www.mamapedia.com/article/how-can-i-extend-my-maternity-leave-so-that-i-can-still-get-paid
2_F_P;10;DuckDuckGo;https://www.canada.ca/en/services/benefits/ei/ei-maternity-parental.html
2_F_CP;1;DuckDuckGo;https://www.pampers.com/en-us/pregnancy/prenatal-health-and-wellness/article/paternity-leave
2_F_CP;2;DuckDuckGo;https://www.personneltoday.com/hr/extend-paternity-leave-and-pay-cipd-report/
2_F_CP;3;DuckDuckGo;https://www.kellyservices.us/us/careers/career-resource-center/managing-your-career/what-to-consider-before-taking-extended-maternity-or-paternity-leave/
2_F_CP;4;DuckDuckGo;https://www.zippia.com/advice/paternity-leave-statistics/
2_F_CP;5;DuckDuckGo;https://clrn.org/parenting-families/parental-leave-start-extension-and-protection-against-dismissal/
2_F_CP;6;DuckDuckGo;https://workplacerightslaw.com/library/faq/paternity-leave-law-in-california/
2_F_CP;7;DuckDuckGo;https://www.mymilitarybenefits.com/benefits/2022-ndaa-12-weeks-paid-parental-leave/
2_F_CP;8;DuckDuckGo;https://www.adp.com/resources/articles-and-insights/articles/f/fmla-parental-leave-that-employers-need-to-know.aspx
2_F_CP;9;DuckDuckGo;https://www.military.com/daily-news/2021/12/07/troops-would-get-12-weeks-of-paid-parental-leave-part-of-defense-bill-deal.html
2_F_CP;10;DuckDuckGo;https://onlinelibrary.wiley.com/doi/abs/10.1111/jomf.12818
3_F_N;1;DuckDuckGo;https://babyloveswings.com/how-to-entertain-a-newborn/
3_F_N;2;DuckDuckGo;https://www.babymed.com/baby-and-postpartum/how-entertain-newborn-baby
3_F_N;3;DuckDuckGo;https://www.newbornprotips.com/how-to-entertain-a-newborn/
3_F_N;4;DuckDuckGo;https://www.newbornprotips.com/how-to-entertain-your-newborn/
3_F_N;5;DuckDuckGo;https://parenting.firstcry.com/articles/how-to-entertain-a-baby-10-effective-way/
3_F_N;6;DuckDuckGo;https://sleck.net/how-to-entertain-a-baby-20-proven-ways/
3_F_N;7;DuckDuckGo;https://www.healthline.com/health/baby/how-to-play-with-newborn
3_F_N;8;DuckDuckGo;https://www.babycenter.com/baby/newborn-baby/how-do-you-play-with-a-newborn_14043
3_F_N;9;DuckDuckGo;https://www.healthychildren.org/English/family-life/power-of-play/Pages/simple-ways-to-entertain-and-boost-your-babys-development-at-home.aspx
3_F_N;10;DuckDuckGo;https://the-gentle-touch.com/entertain-your-newborn/
3_F_P;1;DuckDuckGo;https://www.babymed.com/baby-and-postpartum/how-entertain-newborn-baby
3_F_P;2;DuckDuckGo;https://myfourandmore.com/how-to-entertain-a-newborn/
3_F_P;3;DuckDuckGo;https://momsanity.com/how-to-entertain-an-infant/
3_F_P;4;DuckDuckGo;https://momsandmamas.com/sahm-tips-entertain-baby/
3_F_P;5;DuckDuckGo;https://www.mom365.com/baby/baby-activities/activities-for-baby-and-mom
3_F_P;6;DuckDuckGo;https://theeverymom.com/easy-activities-to-keep-your-baby-entertained-at-home/
3_F_P;7;DuckDuckGo;https://www.thebump.com/a/entertaining-a-newborn
3_F_P;8;DuckDuckGo;https://www.baby-chick.com/how-to-entertain-a-toddler-as-a-work-from-home-mom/
3_F_P;9;DuckDuckGo;https://centralmass.momcollective.com/creative-ways-to-entertain-baby-while-working-from-home/
3_F_P;10;DuckDuckGo;https://www.theworkathomewoman.com/working-at-home-newborn/
3_F_CP;1;DuckDuckGo;https://www.babymed.com/baby-and-postpartum/how-entertain-newborn-baby
3_F_CP;2;DuckDuckGo;https://somedayilllearn.com/how-to-entertain-a-baby-and-yourself-all-day/
3_F_CP;3;DuckDuckGo;https://parenting.firstcry.com/articles/how-to-entertain-a-baby-10-effective-way/
3_F_CP;4;DuckDuckGo;https://dadlifelessons.com/newborn-hacks-for-new-dads/
3_F_CP;5;DuckDuckGo;https://www.thebump.com/a/how-can-i-entertain-baby
3_F_CP;6;DuckDuckGo;https://tinybeans.com/bump-baby/ways-to-entertain-an-infant/
3_F_CP;7;DuckDuckGo;https://www.thebump.com/a/smart-ways-to-play-with-baby
3_F_CP;8;DuckDuckGo;https://www.orlandohealth.com/content-hub/bonding-with-baby-whats-a-dad-to-do
3_F_CP;9;DuckDuckGo;https://www.theworkathomewoman.com/working-at-home-newborn/
3_F_CP;10;DuckDuckGo;https://www.wikihow.com/Have-Fun-with-Your-Dad
4_M_N;1;DuckDuckGo;https://online.maryville.edu/online-bachelors-degrees/organizational-leadership/careers/how-to-become-a-ceo/
4_M_N;2;DuckDuckGo;https://www.indeed.com/career-advice/career-development/how-to-become-ceo
4_M_N;3;DuckDuckGo;https://www.forbes.com/sites/christianstadler/2015/03/12/how-to-become-a-ceo-these-are-the-steps-you-should-take/
4_M_N;4;DuckDuckGo;https://www.wikihow.com/Become-the-CEO-of-a-Company
4_M_N;5;DuckDuckGo;https://www.crimsoneducation.org/id/blog/campus-life-more/become-a-ceo/
4_M_N;6;DuckDuckGo;https://www.trade-schools.net/articles/become-a-ceo
4_M_N;7;DuckDuckGo;https://leaders.com/articles/leadership/how-to-become-a-ceo/
4_M_N;8;DuckDuckGo;https://quantic.edu/blog/2020/08/28/how-to-become-a-ceo-your-path-to-chief-executive-officer/
4_M_N;9;DuckDuckGo;https://uk.indeed.com/career-advice/finding-a-job/how-to-become-a-ceo
4_M_N;10;DuckDuckGo;https://dhge.org/about-us/blog/how-to-become-ceo-of-a-hospital
4_M_P;1;DuckDuckGo;https://online.maryville.edu/online-bachelors-degrees/organizational-leadership/careers/how-to-become-a-ceo/
4_M_P;2;DuckDuckGo;https://www.forbes.com/sites/christianstadler/2015/03/12/how-to-become-a-ceo-these-are-the-steps-you-should-take/
4_M_P;3;DuckDuckGo;https://www.weforum.org/agenda/2016/12/want-to-become-ceo-dont-try-too-hard/
4_M_P;4;DuckDuckGo;https://www.hult.edu/blog/career-mapping-how-to-become-an-executive-in-the-next-5-years/
4_M_P;5;DuckDuckGo;https://www.orderofman.com/ceo-of-your-life-with-andy-frisella
4_M_P;6;DuckDuckGo;https://www.orderofman.com/ceo-of-your-life-with-andy-frisella
4_M_P;7;DuckDuckGo;https://www.wikihow.com/Dress-Like-a-CEO-(Men)
4_M_P;8;DuckDuckGo;https://www.lifehack.org/627056/how-to-climb-the-corporate-career-ladder
4_M_P;9;DuckDuckGo;https://hbr.org/2017/05/what-sets-successful-ceos-apart
4_M_P;10;DuckDuckGo;https://www.businessnewsdaily.com/5537-how-to-be-ethical-leader.html
4_M_CP;1;DuckDuckGo;https://money.cnn.com/2018/01/31/pf/female-ceos-leadership/index.html
4_M_CP;2;DuckDuckGo;https://socapglobal.com/2019/11/women-here-are-12-things-you-must-do-to-become-a-ceo/
4_M_CP;3;DuckDuckGo;https://www.quora.com/How-can-I-become-a-CEO-as-a-woman?share=1
4_M_CP;4;DuckDuckGo;https://www.fredericksonpartners.com/news/blog/5-strategies-to-becoming-a-woman-ceo/
4_M_CP;5;DuckDuckGo;https://www.forbes.com/sites/robertreiss/2021/07/28/women-leaders-share-advice-on-becoming-ceo/
4_M_CP;6;DuckDuckGo;https://robbreport.com/muse/investing-finance/so-you-want-to-be-ceo-2812064/
4_M_CP;7;DuckDuckGo;https://www.kornferry.com/insights/this-week-in-leadership/women-ceo-insights
4_M_CP;8;DuckDuckGo;https://www.theceomagazine.com/business/management-leadership/female-ceos/
4_M_CP;9;DuckDuckGo;https://www.wikihow.com/Become-the-CEO-of-a-Company
4_M_CP;10;DuckDuckGo;https://www.inc.com/ilan-mochari/more-women-will-be-ceos.html
5_M_N;1;DuckDuckGo;https://www.thefamouspeople.com/german-engineers.php
5_M_N;2;DuckDuckGo;https://www.ranker.com/list/famous-engineers-from-germany/reference
5_M_N;3;DuckDuckGo;https://pantheon.world/profile/occupation/engineer/country/germany
5_M_N;4;DuckDuckGo;https://www.thefamouspeople.com/german-male-engineers.php
5_M_N;5;DuckDuckGo;https://www.thefamouspeople.com/german-inventors.php
5_M_N;6;DuckDuckGo;https://www.studying-in-germany.org/most-incredible-german-scientists/
5_M_N;7;DuckDuckGo;https://www.engineeringdaily.net/what-the-world-can-learn-from-germanys-engineering-culture/
5_M_N;8;DuckDuckGo;https://listverse.com/2016/03/17/10-engineers-and-scientists-who-built-the-nazi-war-machine/
5_M_N;9;DuckDuckGo;https://www.engineeringclicks.com/famous-engineers-10-changed-world/
5_M_N;10;DuckDuckGo;https://www.quora.com/Why-are-Germans-so-good-at-engineering?share=1
5_M_P;1;DuckDuckGo;https://www.thefamouspeople.com/german-male-engineers.php
5_M_P;2;DuckDuckGo;https://www.thefamouspeople.com/german-engineers.php
5_M_P;3;DuckDuckGo;https://www.studying-in-germany.org/most-incredible-german-scientists/
5_M_P;4;DuckDuckGo;https://en.wikipedia.org/wiki/List_of_German_inventors_and_discoverers
5_M_P;5;DuckDuckGo;https://www.thefamouspeople.com/19th-century-engineers.php
5_M_P;6;DuckDuckGo;https://www.thefamouspeople.com/civil-engineers.php
5_M_P;7;DuckDuckGo;https://en.wikipedia.org/wiki/List_of_Germans
5_M_P;8;DuckDuckGo;https://newengineer.com/blog/the-10-greatest-engineers-of-all-time-1100231
5_M_P;9;DuckDuckGo;https://naijaquest.com/richest-man-in-germany-billionaires/
5_M_P;10;DuckDuckGo;https://listverse.com/2016/12/27/10-male-sex-workers-who-made-history/
5_M_CP;1;DuckDuckGo;https://www.thefamouspeople.com/german-engineers.php
5_M_CP;2;DuckDuckGo;https://en.wikipedia.org/wiki/Category:German_women_engineers
5_M_CP;3;DuckDuckGo;https://www.asme.org/topics-resources/content/10-influential-women-in-engineering
5_M_CP;4;DuckDuckGo;https://www.workflowmax.com/blog/7-famous-female-engineers-in-history
5_M_CP;5;DuckDuckGo;https://www.iveyengineering.com/famous-female-engineers/
5_M_CP;6;DuckDuckGo;https://www.thefamouspeople.com/women-engineers.php
5_M_CP;7;DuckDuckGo;https://www.studying-in-germany.org/most-incredible-german-scientists/
5_M_CP;8;DuckDuckGo;https://www.engineeringdaily.net/what-the-world-can-learn-from-germanys-engineering-culture/
5_M_CP;9;DuckDuckGo;https://www.thoughtco.com/famous-female-architects-177890
5_M_CP;10;DuckDuckGo;https://www.academics.com/guide/women-in-engineering-germany
6_M_N;1;DuckDuckGo;https://www.healthline.com/health/how-to-start-lifting-weights
6_M_N;2;DuckDuckGo;https://www.mensjournal.com/health-fitness/beginners-guide-weight-lifting-training/
6_M_N;3;DuckDuckGo;https://stronghomegym.com/beginner-weight-lifting-routine/
6_M_N;4;DuckDuckGo;https://www.active.com/fitness/articles/10-weightlifting-exercises-for-beginners
6_M_N;5;DuckDuckGo;https://www.bodybuilding.com/content/best-beginner-weight-training-guide-with-easy-to-follow-workout.html
6_M_N;6;DuckDuckGo;https://www.aworkoutroutine.com/the-beginner-weight-training-workout-routine/
6_M_N;7;DuckDuckGo;https://www.verywellfit.com/basic-strength-and-muscle-weight-training-program-3498523
6_M_N;8;DuckDuckGo;https://www.muscleandfitness.com/workout-plan/workouts/workout-routines/complete-mf-beginners-training-guide-plan/
6_M_N;9;DuckDuckGo;https://weighttraining.guide/training-programs/mens-beginner-weight-training-program/
6_M_N;10;DuckDuckGo;https://www.muscleandstrength.com/workouts/12-week-beginners-training-routine.html
6_M_P;1;DuckDuckGo;https://www.mensjournal.com/health-fitness/beginners-guide-weight-lifting-training/
6_M_P;2;DuckDuckGo;https://weighttraining.guide/training-programs/mens-beginner-weight-training-program/
6_M_P;3;DuckDuckGo;https://www.themanual.com/fitness/beginners-guide-to-weight-training/
6_M_P;4;DuckDuckGo;https://www.menshealth.com/uk/building-muscle/a755337/the-beginners-guide-to-lifting-weights/
6_M_P;5;DuckDuckGo;https://www.menshealth.com/fitness/a27212209/beginners-guide-weight-training/
6_M_P;6;DuckDuckGo;https://www.healthline.com/health/how-to-start-lifting-weights
6_M_P;7;DuckDuckGo;https://www.muscleandfitness.com/workout-plan/workouts/workout-routines/complete-mf-beginners-training-guide-plan/
6_M_P;8;DuckDuckGo;https://thegrandparadise.com/uncategorized/how-do-beginners-start-lifting-weights-men/
6_M_P;9;DuckDuckGo;https://www.bodybuilding.com/content/best-beginner-weight-training-guide-with-easy-to-follow-workout.html
6_M_P;10;DuckDuckGo;https://studio.youramys.com/health-fitness/beginners-guide-weight-training/
6_M_CP;1;DuckDuckGo;https://www.greatestphysiques.com/women/a-complete-female-weight-lifting-routine-for-beginners/
6_M_CP;2;DuckDuckGo;https://www.livestrong.com/article/176944-beginning-weight-lifting-routine-for-women/
6_M_CP;3;DuckDuckGo;https://www.muscleandstrength.com/workouts/8-week-beginner-workout-for-women
6_M_CP;4;DuckDuckGo;https://shelleydarlington.com/blog/lifting-weights
6_M_CP;5;DuckDuckGo;https://regymenfitness.com/ladies-who-lift-a-beginners-guide-to-weight-training-for-women/
6_M_CP;6;DuckDuckGo;https://weighttraining.guide/training-programs/womens-beginner-weight-training-program/
6_M_CP;7;DuckDuckGo;https://www.shape.com/fitness/workouts/4-week-weight-training-plan-women
6_M_CP;8;DuckDuckGo;https://www.muscleandstrength.com/workouts/4-week-beginner-workout-for-women
6_M_CP;9;DuckDuckGo;https://www.livestrong.com/article/230713-beginning-weight-lifting-programs-for-women-over-40/
6_M_CP;10;DuckDuckGo;https://www.bodybuilding.com/content/womens-strength-training-guide.html
7_M_N;1;DuckDuckGo;https://www.wikihow.com/Build-Muscle
7_M_N;2;DuckDuckGo;https://www.healthline.com/health/fitness/how-to-gain-muscle
7_M_N;3;DuckDuckGo;https://www.menshealth.com/fitness/a19534499/10-muscle-building-tips/
7_M_N;4;DuckDuckGo;https://www.trifectanutrition.com/blog/how-to-gain-muscle-mass-the-ultimate-guide
7_M_N;5;DuckDuckGo;https://bodynutrition.org/gain-muscle/
7_M_N;6;DuckDuckGo;https://www.julian.com/guide/muscle/intro
7_M_N;7;DuckDuckGo;https://www.aworkoutroutine.com/how-to-build-muscle/
7_M_N;8;DuckDuckGo;https://www.spartan.com/blogs/unbreakable-nutrition/grow-muscle
7_M_N;9;DuckDuckGo;https://www.bodybuilding.com/content/9-ways-to-gain-muscle.html
7_M_N;10;DuckDuckGo;https://www.health.harvard.edu/staying-healthy/building-better-muscle
7_M_P;1;DuckDuckGo;https://www.menshealth.com/fitness/a19534499/10-muscle-building-tips/
7_M_P;2;DuckDuckGo;https://www.mensjournal.com/health-fitness/how-build-muscle-basic-guide-beginners-0/
7_M_P;3;DuckDuckGo;https://www.webmd.com/men/features/7-muscle-building-strategies-for-guys
7_M_P;4;DuckDuckGo;https://athleanx.com/articles/muscle-building-101-for-men-guaranteed-gains
7_M_P;5;DuckDuckGo;https://www.healthline.com/health/fitness/how-to-gain-muscle
7_M_P;6;DuckDuckGo;https://www.menshealth.com/uk/building-muscle/g751477/beginner-guide-to-building-muscle/
7_M_P;7;DuckDuckGo;https://www.julian.com/guide/muscle/intro
7_M_P;8;DuckDuckGo;https://www.menshealth.com/fitness/a19532101/build-muscle-over-40/
7_M_P;9;DuckDuckGo;https://athleticmuscle.net/building-muscle-after-60-man/
7_M_P;10;DuckDuckGo;https://twistedmalemag.com/how-men-can-build-muscle-after-40-by-sheryl-wright/
7_M_CP;1;DuckDuckGo;https://www.nerdfitness.com/blog/how-to-build-muscle-as-a-woman-the-ultimate-guide-for-gaining-weight-the-right-way/
7_M_CP;2;DuckDuckGo;https://www.livestrong.com/article/98440-women-can-build-muscle-fast/
7_M_CP;3;DuckDuckGo;https://www.bodybuilding.com/content/the-womans-no-bs-guide-to-muscle-building.html
7_M_CP;4;DuckDuckGo;https://www.womenshealthmag.com/fitness/a28133423/how-to-build-muscle-women/
7_M_CP;5;DuckDuckGo;https://www.acefitness.org/resources/everyone/blog/6690/building-muscle-for-women/
7_M_CP;6;DuckDuckGo;https://buildyourbody.org/how-to-build-muscle-women/
7_M_CP;7;DuckDuckGo;https://www.webmd.com/healthy-aging/building-muscle-women-over-50
7_M_CP;8;DuckDuckGo;https://www.bodybuilding.com/content/5-successful-muscle-gaining-workouts-for-women.html
7_M_CP;9;DuckDuckGo;https://www.livestrong.com/article/109478-build-muscle-tone-women-after/
7_M_CP;10;DuckDuckGo;https://bonytobombshell.com/how-much-muscle-strength-can-skinny-women-gain/